Unnamed: 0,title,source,date,emotion,theme,url
0,Article 1 - ICE Operation,Source 256,2019-12-29,fear,Legal Barriers,https://example.com/article_1
1,Article 2 - ICE Operation,Source 186,2023-12-12,anxious,Deportation Defense,https://example.com/article_2
2,Article 3 - ICE Operation,Source 57,2016-08-01,shock,Family Separation,https://example.com/article_3
3,Article 4 - ICE Operation,Source 202,2016-10-08,fear,Community Organizing,https://example.com/article_4
4,Article 5 - ICE Operation,Source 193,2018-01-22,surprise,Family Separation,https://example.com/article_5
5,Article 6 - ICE Operation,Source 193,2019-02-02,fear,Family Separation,https://example.com/article_6
6,Article 7 - ICE Operation,Source 272,2016-02-15,sadness,Family Separation,https://example.com/article_7
7,Article 8 - ICE Operation,Source 248,2020-11-02,surprise,Detention Conditions,https://example.com/article_8
8,Article 9 - ICE Operation,Source 187,2015-08-31,anger,Community Organizing,https://example.com/article_9
9,Article 10 - ICE Operation,Source 257,2025-01-30,anxious,Legal Barriers,https://example.com/article_10
10,Article 11 - ICE Operation,Source 83,2022-10-20,surprise,Community Organizing,https://example.com/article_11
11,Article 12 - ICE Operation,Source 84,2018-06-08,disgust,Legal Barriers,https://example.com/article_12
12,Article 13 - ICE Operation,Source 193,2020-04-23,disgust,Detention Conditions,https://example.com/article_13
13,Article 14 - ICE Operation,Source 285,2022-08-16,surprise,Family Separation,https://example.com/article_14
14,Article 15 - ICE Operation,Source 113,2018-03-15,sadness,Family Separation,https://example.com/article_15
15,Article 16 - ICE Operation,Source 283,2019-12-27,disgust,Deportation Defense,https://example.com/article_16
16,Article 17 - ICE Operation,Source 81,2025-12-05,anxious,Community Organizing,https://example.com/article_17
17,Article 18 - ICE Operation,Source 59,2025-08-20,anger,Community Organizing,https://example.com/article_18
18,Article 19 - ICE Operation,Source 310,2019-12-03,anger,Detention Conditions,https://example.com/article_19
19,Article 20 - ICE Operation,Source 65,2016-02-15,shock,Deportation Defense,https://example.com/article_20
20,Article 21 - ICE Operation,Source 275,2017-08-18,shock,Legal Barriers,https://example.com/article_21
21,Article 22 - ICE Operation,Source 52,2021-10-24,sadness,Deportation Defense,https://example.com/article_22
22,Article 23 - ICE Operation,Source 249,2017-03-18,disgust,Detention Conditions,https://example.com/article_23
23,Article 24 - ICE Operation,Source 177,2021-12-01,anger,Deportation Defense,https://example.com/article_24
24,Article 25 - ICE Operation,Source 258,2015-08-23,shock,Legal Barriers,https://example.com/article_25
25,Article 26 - ICE Operation,Source 79,2024-09-06,anger,Family Separation,https://example.com/article_26
26,Article 27 - ICE Operation,Source 92,2018-03-05,disgust,Family Separation,https://example.com/article_27
27,Article 28 - ICE Operation,Source 157,2019-07-06,disgust,Detention Conditions,https://example.com/article_28
28,Article 29 - ICE Operation,Source 288,2024-11-11,anxious,Detention Conditions,https://example.com/article_29
29,Article 30 - ICE Operation,Source 234,2016-08-19,fear,Detention Conditions,https://example.com/article_30
30,Article 31 - ICE Operation,Source 291,2022-09-17,shock,Community Organizing,https://example.com/article_31
31,Article 32 - ICE Operation,Source 201,2020-10-31,surprise,Detention Conditions,https://example.com/article_32
32,Article 33 - ICE Operation,Source 75,2020-01-05,shock,Legal Barriers,https://example.com/article_33
33,Article 34 - ICE Operation,Source 167,2025-02-23,sadness,Family Separation,https://example.com/article_34
34,Article 35 - ICE Operation,Source 49,2017-06-13,disgust,Deportation Defense,https://example.com/article_35
35,Article 36 - ICE Operation,Source 251,2015-11-01,surprise,Community Organizing,https://example.com/article_36
36,Article 37 - ICE Operation,Source 202,2025-08-25,fear,Deportation Defense,https://example.com/article_37
37,Article 38 - ICE Operation,Source 251,2015-05-10,fear,Deportation Defense,https://example.com/article_38
38,Article 39 - ICE Operation,Source 256,2020-03-16,fear,Community Organizing,https://example.com/article_39
39,Article 40 - ICE Operation,Source 75,2015-06-09,surprise,Detention Conditions,https://example.com/article_40
40,Article 41 - ICE Operation,Source 149,2020-03-17,anxious,Deportation Defense,https://example.com/article_41
41,Article 42 - ICE Operation,Source 63,2016-04-27,sadness,Legal Barriers,https://example.com/article_42
42,Article 43 - ICE Operation,Source 60,2025-05-09,disgust,Family Separation,https://example.com/article_43
43,Article 44 - ICE Operation,Source 86,2018-02-04,fear,Legal Barriers,https://example.com/article_44
44,Article 45 - ICE Operation,Source 318,2025-02-23,shock,Legal Barriers,https://example.com/article_45
45,Article 46 - ICE Operation,Source 307,2022-09-18,sadness,Community Organizing,https://example.com/article_46
46,Article 47 - ICE Operation,Source 146,2015-11-26,surprise,Community Organizing,https://example.com/article_47
47,Article 48 - ICE Operation,Source 116,2023-08-05,fear,Community Organizing,https://example.com/article_48
48,Article 49 - ICE Operation,Source 289,2021-06-23,anxious,Community Organizing,https://example.com/article_49
49,Article 50 - ICE Operation,Source 147,2016-02-25,fear,Legal Barriers,https://example.com/article_50
50,Article 51 - ICE Operation,Source 33,2015-10-25,anger,Legal Barriers,https://example.com/article_51
51,Article 52 - ICE Operation,Source 36,2017-10-02,surprise,Legal Barriers,https://example.com/article_52
52,Article 53 - ICE Operation,Source 55,2019-01-11,disgust,Family Separation,https://example.com/article_53
53,Article 54 - ICE Operation,Source 210,2025-07-30,sadness,Community Organizing,https://example.com/article_54
54,Article 55 - ICE Operation,Source 175,2023-10-05,fear,Family Separation,https://example.com/article_55
55,Article 56 - ICE Operation,Source 105,2020-04-20,fear,Detention Conditions,https://example.com/article_56
56,Article 57 - ICE Operation,Source 84,2021-06-09,anxious,Community Organizing,https://example.com/article_57
57,Article 58 - ICE Operation,Source 316,2017-07-10,shock,Family Separation,https://example.com/article_58
58,Article 59 - ICE Operation,Source 3,2021-05-19,disgust,Community Organizing,https://example.com/article_59
59,Article 60 - ICE Operation,Source 61,2023-08-06,surprise,Family Separation,https://example.com/article_60
60,Article 61 - ICE Operation,Source 48,2020-10-06,sadness,Community Organizing,https://example.com/article_61
61,Article 62 - ICE Operation,Source 210,2024-09-20,sadness,Deportation Defense,https://example.com/article_62
62,Article 63 - ICE Operation,Source 53,2020-01-21,shock,Community Organizing,https://example.com/article_63
63,Article 64 - ICE Operation,Source 193,2023-12-27,anger,Deportation Defense,https://example.com/article_64
64,Article 65 - ICE Operation,Source 173,2020-12-08,fear,Community Organizing,https://example.com/article_65
65,Article 66 - ICE Operation,Source 198,2024-08-14,fear,Deportation Defense,https://example.com/article_66
66,Article 67 - ICE Operation,Source 4,2017-05-14,surprise,Deportation Defense,https://example.com/article_67
67,Article 68 - ICE Operation,Source 159,2021-06-25,surprise,Deportation Defense,https://example.com/article_68
68,Article 69 - ICE Operation,Source 217,2017-12-05,anger,Legal Barriers,https://example.com/article_69
69,Article 70 - ICE Operation,Source 90,2024-10-29,disgust,Family Separation,https://example.com/article_70
70,Article 71 - ICE Operation,Source 20,2020-08-30,surprise,Family Separation,https://example.com/article_71
71,Article 72 - ICE Operation,Source 205,2022-10-22,surprise,Family Separation,https://example.com/article_72
72,Article 73 - ICE Operation,Source 178,2022-02-19,surprise,Legal Barriers,https://example.com/article_73
73,Article 74 - ICE Operation,Source 303,2016-03-26,shock,Community Organizing,https://example.com/article_74
74,Article 75 - ICE Operation,Source 82,2016-06-06,shock,Family Separation,https://example.com/article_75
75,Article 76 - ICE Operation,Source 130,2025-08-29,disgust,Community Organizing,https://example.com/article_76
76,Article 77 - ICE Operation,Source 45,2017-05-18,surprise,Legal Barriers,https://example.com/article_77
77,Article 78 - ICE Operation,Source 268,2016-10-12,fear,Family Separation,https://example.com/article_78
78,Article 79 - ICE Operation,Source 320,2022-12-30,fear,Community Organizing,https://example.com/article_79
79,Article 80 - ICE Operation,Source 283,2015-12-11,shock,Legal Barriers,https://example.com/article_80
80,Article 81 - ICE Operation,Source 221,2015-03-28,disgust,Family Separation,https://example.com/article_81
81,Article 82 - ICE Operation,Source 225,2021-08-06,disgust,Legal Barriers,https://example.com/article_82
82,Article 83 - ICE Operation,Source 82,2015-12-05,sadness,Community Organizing,https://example.com/article_83
83,Article 84 - ICE Operation,Source 152,2022-02-14,shock,Deportation Defense,https://example.com/article_84
84,Article 85 - ICE Operation,Source 294,2022-08-24,anger,Detention Conditions,https://example.com/article_85
85,Article 86 - ICE Operation,Source 154,2025-02-09,disgust,Detention Conditions,https://example.com/article_86
86,Article 87 - ICE Operation,Source 226,2022-05-01,surprise,Family Separation,https://example.com/article_87
87,Article 88 - ICE Operation,Source 176,2018-04-24,disgust,Community Organizing,https://example.com/article_88
88,Article 89 - ICE Operation,Source 230,2024-01-26,disgust,Legal Barriers,https://example.com/article_89
89,Article 90 - ICE Operation,Source 69,2025-10-29,shock,Deportation Defense,https://example.com/article_90
90,Article 91 - ICE Operation,Source 59,2020-04-23,disgust,Deportation Defense,https://example.com/article_91
91,Article 92 - ICE Operation,Source 142,2016-10-25,fear,Family Separation,https://example.com/article_92
92,Article 93 - ICE Operation,Source 116,2018-11-23,anxious,Deportation Defense,https://example.com/article_93
93,Article 94 - ICE Operation,Source 289,2018-07-02,disgust,Legal Barriers,https://example.com/article_94
94,Article 95 - ICE Operation,Source 132,2020-03-22,shock,Family Separation,https://example.com/article_95
95,Article 96 - ICE Operation,Source 208,2022-12-12,surprise,Deportation Defense,https://example.com/article_96
96,Article 97 - ICE Operation,Source 242,2025-10-08,anxious,Detention Conditions,https://example.com/article_97
97,Article 98 - ICE Operation,Source 291,2025-10-09,fear,Detention Conditions,https://example.com/article_98
98,Article 99 - ICE Operation,Source 281,2022-08-15,sadness,Deportation Defense,https://example.com/article_99
99,Article 100 - ICE Operation,Source 11,2022-11-01,surprise,Community Organizing,https://example.com/article_100
100,Article 101 - ICE Operation,Source 252,2024-04-27,fear,Legal Barriers,https://example.com/article_101
101,Article 102 - ICE Operation,Source 176,2023-08-08,shock,Family Separation,https://example.com/article_102
102,Article 103 - ICE Operation,Source 313,2021-07-18,fear,Legal Barriers,https://example.com/article_103
103,Article 104 - ICE Operation,Source 60,2025-11-30,surprise,Legal Barriers,https://example.com/article_104
104,Article 105 - ICE Operation,Source 282,2017-07-20,sadness,Detention Conditions,https://example.com/article_105
105,Article 106 - ICE Operation,Source 239,2022-06-15,surprise,Community Organizing,https://example.com/article_106
106,Article 107 - ICE Operation,Source 72,2021-03-07,fear,Deportation Defense,https://example.com/article_107
107,Article 108 - ICE Operation,Source 48,2020-09-06,disgust,Family Separation,https://example.com/article_108
108,Article 109 - ICE Operation,Source 82,2022-08-08,sadness,Family Separation,https://example.com/article_109
109,Article 110 - ICE Operation,Source 253,2025-05-20,shock,Deportation Defense,https://example.com/article_110
110,Article 111 - ICE Operation,Source 278,2020-07-31,shock,Legal Barriers,https://example.com/article_111
111,Article 112 - ICE Operation,Source 300,2015-01-18,anxious,Deportation Defense,https://example.com/article_112
112,Article 113 - ICE Operation,Source 165,2021-11-02,fear,Detention Conditions,https://example.com/article_113
113,Article 114 - ICE Operation,Source 48,2021-03-01,disgust,Family Separation,https://example.com/article_114
114,Article 115 - ICE Operation,Source 187,2015-11-28,surprise,Community Organizing,https://example.com/article_115
115,Article 116 - ICE Operation,Source 54,2018-06-02,shock,Deportation Defense,https://example.com/article_116
116,Article 117 - ICE Operation,Source 42,2017-02-06,shock,Family Separation,https://example.com/article_117
117,Article 118 - ICE Operation,Source 52,2023-05-17,fear,Deportation Defense,https://example.com/article_118
118,Article 119 - ICE Operation,Source 289,2021-06-17,fear,Family Separation,https://example.com/article_119
119,Article 120 - ICE Operation,Source 115,2021-12-21,disgust,Detention Conditions,https://example.com/article_120
120,Article 121 - ICE Operation,Source 171,2021-03-01,anxious,Legal Barriers,https://example.com/article_121
121,Article 122 - ICE Operation,Source 11,2022-04-18,fear,Detention Conditions,https://example.com/article_122
122,Article 123 - ICE Operation,Source 90,2016-03-08,fear,Community Organizing,https://example.com/article_123
123,Article 124 - ICE Operation,Source 89,2016-07-20,surprise,Detention Conditions,https://example.com/article_124
124,Article 125 - ICE Operation,Source 18,2019-02-20,anger,Family Separation,https://example.com/article_125
125,Article 126 - ICE Operation,Source 5,2022-09-11,anger,Community Organizing,https://example.com/article_126
126,Article 127 - ICE Operation,Source 172,2017-08-11,shock,Community Organizing,https://example.com/article_127
127,Article 128 - ICE Operation,Source 206,2024-01-26,disgust,Legal Barriers,https://example.com/article_128
128,Article 129 - ICE Operation,Source 271,2025-04-30,anxious,Detention Conditions,https://example.com/article_129
129,Article 130 - ICE Operation,Source 100,2018-10-10,sadness,Community Organizing,https://example.com/article_130
130,Article 131 - ICE Operation,Source 264,2016-07-17,sadness,Deportation Defense,https://example.com/article_131
131,Article 132 - ICE Operation,Source 313,2015-07-10,shock,Community Organizing,https://example.com/article_132
132,Article 133 - ICE Operation,Source 197,2016-12-21,sadness,Detention Conditions,https://example.com/article_133
133,Article 134 - ICE Operation,Source 132,2025-01-08,shock,Detention Conditions,https://example.com/article_134
134,Article 135 - ICE Operation,Source 141,2022-08-26,shock,Legal Barriers,https://example.com/article_135
135,Article 136 - ICE Operation,Source 242,2015-06-10,anxious,Community Organizing,https://example.com/article_136
136,Article 137 - ICE Operation,Source 250,2024-07-01,shock,Community Organizing,https://example.com/article_137
137,Article 138 - ICE Operation,Source 61,2015-10-21,sadness,Legal Barriers,https://example.com/article_138
138,Article 139 - ICE Operation,Source 20,2019-09-08,fear,Deportation Defense,https://example.com/article_139
139,Article 140 - ICE Operation,Source 70,2025-03-09,shock,Community Organizing,https://example.com/article_140
140,Article 141 - ICE Operation,Source 71,2018-09-03,fear,Legal Barriers,https://example.com/article_141
141,Article 142 - ICE Operation,Source 27,2017-07-20,anger,Community Organizing,https://example.com/article_142
142,Article 143 - ICE Operation,Source 97,2019-12-31,shock,Community Organizing,https://example.com/article_143
143,Article 144 - ICE Operation,Source 284,2018-03-14,fear,Legal Barriers,https://example.com/article_144
144,Article 145 - ICE Operation,Source 21,2017-05-06,anger,Family Separation,https://example.com/article_145
145,Article 146 - ICE Operation,Source 92,2024-09-30,anger,Deportation Defense,https://example.com/article_146
146,Article 147 - ICE Operation,Source 178,2022-04-22,anger,Legal Barriers,https://example.com/article_147
147,Article 148 - ICE Operation,Source 54,2022-06-30,anger,Family Separation,https://example.com/article_148
148,Article 149 - ICE Operation,Source 133,2025-05-15,surprise,Deportation Defense,https://example.com/article_149
149,Article 150 - ICE Operation,Source 46,2018-01-16,anxious,Deportation Defense,https://example.com/article_150
150,Article 151 - ICE Operation,Source 135,2021-06-16,surprise,Legal Barriers,https://example.com/article_151
151,Article 152 - ICE Operation,Source 27,2025-03-13,shock,Family Separation,https://example.com/article_152
152,Article 153 - ICE Operation,Source 93,2019-03-31,anger,Legal Barriers,https://example.com/article_153
153,Article 154 - ICE Operation,Source 67,2019-04-15,surprise,Detention Conditions,https://example.com/article_154
154,Article 155 - ICE Operation,Source 233,2022-05-18,anger,Deportation Defense,https://example.com/article_155
155,Article 156 - ICE Operation,Source 68,2016-08-26,surprise,Family Separation,https://example.com/article_156
156,Article 157 - ICE Operation,Source 209,2016-04-26,shock,Detention Conditions,https://example.com/article_157
157,Article 158 - ICE Operation,Source 57,2023-08-04,anger,Legal Barriers,https://example.com/article_158
158,Article 159 - ICE Operation,Source 195,2016-10-10,surprise,Legal Barriers,https://example.com/article_159
159,Article 160 - ICE Operation,Source 281,2016-01-18,fear,Family Separation,https://example.com/article_160
160,Article 161 - ICE Operation,Source 14,2016-07-29,fear,Community Organizing,https://example.com/article_161
161,Article 162 - ICE Operation,Source 313,2025-05-10,sadness,Legal Barriers,https://example.com/article_162
162,Article 163 - ICE Operation,Source 78,2023-03-02,surprise,Community Organizing,https://example.com/article_163
163,Article 164 - ICE Operation,Source 68,2019-02-21,anxious,Legal Barriers,https://example.com/article_164
164,Article 165 - ICE Operation,Source 197,2019-07-10,anxious,Community Organizing,https://example.com/article_165
165,Article 166 - ICE Operation,Source 291,2019-08-20,anxious,Legal Barriers,https://example.com/article_166
166,Article 167 - ICE Operation,Source 297,2021-07-25,anger,Family Separation,https://example.com/article_167
167,Article 168 - ICE Operation,Source 179,2021-12-30,anxious,Legal Barriers,https://example.com/article_168
168,Article 169 - ICE Operation,Source 97,2024-05-22,sadness,Legal Barriers,https://example.com/article_169
169,Article 170 - ICE Operation,Source 138,2021-07-08,anger,Deportation Defense,https://example.com/article_170
170,Article 171 - ICE Operation,Source 120,2024-08-06,surprise,Detention Conditions,https://example.com/article_171
171,Article 172 - ICE Operation,Source 108,2016-05-01,anger,Legal Barriers,https://example.com/article_172
172,Article 173 - ICE Operation,Source 309,2020-08-25,disgust,Deportation Defense,https://example.com/article_173
173,Article 174 - ICE Operation,Source 90,2019-11-06,surprise,Community Organizing,https://example.com/article_174
174,Article 175 - ICE Operation,Source 63,2019-04-15,anxious,Family Separation,https://example.com/article_175
175,Article 176 - ICE Operation,Source 123,2025-02-20,disgust,Family Separation,https://example.com/article_176
176,Article 177 - ICE Operation,Source 266,2024-06-30,fear,Legal Barriers,https://example.com/article_177
177,Article 178 - ICE Operation,Source 11,2020-11-15,disgust,Deportation Defense,https://example.com/article_178
178,Article 179 - ICE Operation,Source 93,2019-02-02,anxious,Deportation Defense,https://example.com/article_179
179,Article 180 - ICE Operation,Source 303,2024-07-25,anger,Family Separation,https://example.com/article_180
180,Article 181 - ICE Operation,Source 34,2018-04-23,anger,Legal Barriers,https://example.com/article_181
181,Article 182 - ICE Operation,Source 318,2016-02-15,surprise,Detention Conditions,https://example.com/article_182
182,Article 183 - ICE Operation,Source 309,2021-02-06,shock,Deportation Defense,https://example.com/article_183
183,Article 184 - ICE Operation,Source 59,2018-09-22,disgust,Family Separation,https://example.com/article_184
184,Article 185 - ICE Operation,Source 319,2022-06-13,surprise,Deportation Defense,https://example.com/article_185
185,Article 186 - ICE Operation,Source 90,2020-03-28,surprise,Detention Conditions,https://example.com/article_186
186,Article 187 - ICE Operation,Source 39,2023-08-03,disgust,Community Organizing,https://example.com/article_187
187,Article 188 - ICE Operation,Source 202,2019-08-02,shock,Detention Conditions,https://example.com/article_188
188,Article 189 - ICE Operation,Source 211,2023-08-27,anger,Legal Barriers,https://example.com/article_189
189,Article 190 - ICE Operation,Source 223,2016-08-31,fear,Community Organizing,https://example.com/article_190
190,Article 191 - ICE Operation,Source 312,2025-12-01,shock,Legal Barriers,https://example.com/article_191
191,Article 192 - ICE Operation,Source 18,2016-06-18,disgust,Family Separation,https://example.com/article_192
192,Article 193 - ICE Operation,Source 213,2023-01-22,anger,Community Organizing,https://example.com/article_193
193,Article 194 - ICE Operation,Source 94,2016-11-24,surprise,Legal Barriers,https://example.com/article_194
194,Article 195 - ICE Operation,Source 237,2021-09-19,fear,Deportation Defense,https://example.com/article_195
195,Article 196 - ICE Operation,Source 10,2024-03-02,anxious,Deportation Defense,https://example.com/article_196
196,Article 197 - ICE Operation,Source 206,2020-05-03,sadness,Detention Conditions,https://example.com/article_197
197,Article 198 - ICE Operation,Source 297,2024-01-14,anger,Legal Barriers,https://example.com/article_198
198,Article 199 - ICE Operation,Source 174,2015-07-03,anxious,Family Separation,https://example.com/article_199
199,Article 200 - ICE Operation,Source 212,2016-10-07,anxious,Family Separation,https://example.com/article_200
200,Article 201 - ICE Operation,Source 19,2024-12-21,anger,Family Separation,https://example.com/article_201
201,Article 202 - ICE Operation,Source 303,2024-12-25,anxious,Legal Barriers,https://example.com/article_202
202,Article 203 - ICE Operation,Source 23,2024-05-20,disgust,Detention Conditions,https://example.com/article_203
203,Article 204 - ICE Operation,Source 250,2017-01-12,anxious,Detention Conditions,https://example.com/article_204
204,Article 205 - ICE Operation,Source 67,2025-04-11,disgust,Deportation Defense,https://example.com/article_205
205,Article 206 - ICE Operation,Source 303,2024-04-11,anxious,Detention Conditions,https://example.com/article_206
206,Article 207 - ICE Operation,Source 7,2019-03-31,disgust,Detention Conditions,https://example.com/article_207
207,Article 208 - ICE Operation,Source 291,2024-10-25,anxious,Community Organizing,https://example.com/article_208
208,Article 209 - ICE Operation,Source 192,2018-03-06,anxious,Family Separation,https://example.com/article_209
209,Article 210 - ICE Operation,Source 199,2017-02-20,anxious,Family Separation,https://example.com/article_210
210,Article 211 - ICE Operation,Source 297,2022-02-01,anxious,Legal Barriers,https://example.com/article_211
211,Article 212 - ICE Operation,Source 218,2024-07-29,anxious,Detention Conditions,https://example.com/article_212
212,Article 213 - ICE Operation,Source 120,2023-06-05,anger,Community Organizing,https://example.com/article_213
213,Article 214 - ICE Operation,Source 70,2021-04-09,disgust,Legal Barriers,https://example.com/article_214
214,Article 215 - ICE Operation,Source 22,2020-04-19,surprise,Community Organizing,https://example.com/article_215
215,Article 216 - ICE Operation,Source 17,2018-08-08,surprise,Legal Barriers,https://example.com/article_216
216,Article 217 - ICE Operation,Source 221,2020-08-25,disgust,Family Separation,https://example.com/article_217
217,Article 218 - ICE Operation,Source 122,2019-06-10,fear,Legal Barriers,https://example.com/article_218
218,Article 219 - ICE Operation,Source 165,2018-02-28,anger,Legal Barriers,https://example.com/article_219
219,Article 220 - ICE Operation,Source 49,2017-04-20,fear,Legal Barriers,https://example.com/article_220
220,Article 221 - ICE Operation,Source 137,2021-03-17,fear,Community Organizing,https://example.com/article_221
221,Article 222 - ICE Operation,Source 94,2017-12-31,surprise,Family Separation,https://example.com/article_222
222,Article 223 - ICE Operation,Source 320,2021-05-13,anxious,Family Separation,https://example.com/article_223
223,Article 224 - ICE Operation,Source 247,2023-10-26,anger,Community Organizing,https://example.com/article_224
224,Article 225 - ICE Operation,Source 36,2025-03-02,shock,Family Separation,https://example.com/article_225
225,Article 226 - ICE Operation,Source 11,2020-06-24,sadness,Family Separation,https://example.com/article_226
226,Article 227 - ICE Operation,Source 281,2023-03-13,disgust,Deportation Defense,https://example.com/article_227
227,Article 228 - ICE Operation,Source 172,2023-03-21,shock,Detention Conditions,https://example.com/article_228
228,Article 229 - ICE Operation,Source 189,2021-11-24,anger,Legal Barriers,https://example.com/article_229
229,Article 230 - ICE Operation,Source 5,2024-02-06,fear,Family Separation,https://example.com/article_230
230,Article 231 - ICE Operation,Source 169,2025-09-12,shock,Deportation Defense,https://example.com/article_231
231,Article 232 - ICE Operation,Source 224,2023-01-22,anxious,Family Separation,https://example.com/article_232
232,Article 233 - ICE Operation,Source 259,2019-04-20,disgust,Community Organizing,https://example.com/article_233
233,Article 234 - ICE Operation,Source 147,2018-11-28,shock,Legal Barriers,https://example.com/article_234
234,Article 235 - ICE Operation,Source 236,2020-10-16,shock,Detention Conditions,https://example.com/article_235
235,Article 236 - ICE Operation,Source 266,2024-11-29,anxious,Legal Barriers,https://example.com/article_236
236,Article 237 - ICE Operation,Source 199,2018-01-12,disgust,Legal Barriers,https://example.com/article_237
237,Article 238 - ICE Operation,Source 112,2017-04-28,shock,Legal Barriers,https://example.com/article_238
238,Article 239 - ICE Operation,Source 287,2019-11-12,disgust,Detention Conditions,https://example.com/article_239
239,Article 240 - ICE Operation,Source 276,2023-10-10,anxious,Detention Conditions,https://example.com/article_240
240,Article 241 - ICE Operation,Source 69,2018-12-31,shock,Legal Barriers,https://example.com/article_241
241,Article 242 - ICE Operation,Source 4,2022-04-27,anxious,Legal Barriers,https://example.com/article_242
242,Article 243 - ICE Operation,Source 187,2022-08-03,anger,Legal Barriers,https://example.com/article_243
243,Article 244 - ICE Operation,Source 259,2024-11-25,anger,Deportation Defense,https://example.com/article_244
244,Article 245 - ICE Operation,Source 78,2023-09-19,anger,Community Organizing,https://example.com/article_245
245,Article 246 - ICE Operation,Source 14,2024-03-14,shock,Detention Conditions,https://example.com/article_246
246,Article 247 - ICE Operation,Source 70,2024-08-03,fear,Detention Conditions,https://example.com/article_247
247,Article 248 - ICE Operation,Source 194,2024-07-24,anger,Family Separation,https://example.com/article_248
248,Article 249 - ICE Operation,Source 282,2025-01-05,shock,Detention Conditions,https://example.com/article_249
249,Article 250 - ICE Operation,Source 1,2016-08-11,anger,Legal Barriers,https://example.com/article_250
250,Article 251 - ICE Operation,Source 240,2024-02-20,anger,Family Separation,https://example.com/article_251
251,Article 252 - ICE Operation,Source 18,2024-11-24,anger,Deportation Defense,https://example.com/article_252
252,Article 253 - ICE Operation,Source 281,2016-09-12,surprise,Deportation Defense,https://example.com/article_253
253,Article 254 - ICE Operation,Source 240,2018-04-14,shock,Community Organizing,https://example.com/article_254
254,Article 255 - ICE Operation,Source 272,2021-09-11,anxious,Family Separation,https://example.com/article_255
255,Article 256 - ICE Operation,Source 298,2019-09-22,anger,Deportation Defense,https://example.com/article_256
256,Article 257 - ICE Operation,Source 22,2016-10-31,fear,Community Organizing,https://example.com/article_257
257,Article 258 - ICE Operation,Source 239,2024-08-15,anger,Family Separation,https://example.com/article_258
258,Article 259 - ICE Operation,Source 320,2018-11-08,sadness,Community Organizing,https://example.com/article_259
259,Article 260 - ICE Operation,Source 93,2022-08-25,fear,Community Organizing,https://example.com/article_260
260,Article 261 - ICE Operation,Source 100,2019-07-12,anger,Community Organizing,https://example.com/article_261
261,Article 262 - ICE Operation,Source 196,2016-01-28,anxious,Deportation Defense,https://example.com/article_262
262,Article 263 - ICE Operation,Source 106,2018-04-28,shock,Community Organizing,https://example.com/article_263
263,Article 264 - ICE Operation,Source 265,2024-09-22,anger,Family Separation,https://example.com/article_264
264,Article 265 - ICE Operation,Source 198,2018-11-19,anxious,Community Organizing,https://example.com/article_265
265,Article 266 - ICE Operation,Source 155,2020-04-01,shock,Legal Barriers,https://example.com/article_266
266,Article 267 - ICE Operation,Source 310,2023-05-12,anger,Detention Conditions,https://example.com/article_267
267,Article 268 - ICE Operation,Source 314,2024-01-16,surprise,Deportation Defense,https://example.com/article_268
268,Article 269 - ICE Operation,Source 85,2020-08-20,shock,Community Organizing,https://example.com/article_269
269,Article 270 - ICE Operation,Source 228,2016-11-27,disgust,Family Separation,https://example.com/article_270
270,Article 271 - ICE Operation,Source 271,2017-06-10,anger,Legal Barriers,https://example.com/article_271
271,Article 272 - ICE Operation,Source 251,2017-08-07,surprise,Detention Conditions,https://example.com/article_272
272,Article 273 - ICE Operation,Source 313,2017-10-17,sadness,Community Organizing,https://example.com/article_273
273,Article 274 - ICE Operation,Source 37,2017-06-13,shock,Family Separation,https://example.com/article_274
274,Article 275 - ICE Operation,Source 91,2022-12-19,anger,Community Organizing,https://example.com/article_275
275,Article 276 - ICE Operation,Source 43,2015-01-07,shock,Community Organizing,https://example.com/article_276
276,Article 277 - ICE Operation,Source 14,2015-10-27,anger,Legal Barriers,https://example.com/article_277
277,Article 278 - ICE Operation,Source 286,2018-09-16,shock,Deportation Defense,https://example.com/article_278
278,Article 279 - ICE Operation,Source 189,2017-03-08,anxious,Legal Barriers,https://example.com/article_279
279,Article 280 - ICE Operation,Source 68,2017-07-12,shock,Community Organizing,https://example.com/article_280
280,Article 281 - ICE Operation,Source 292,2015-05-12,anger,Community Organizing,https://example.com/article_281
281,Article 282 - ICE Operation,Source 27,2015-02-27,surprise,Family Separation,https://example.com/article_282
282,Article 283 - ICE Operation,Source 56,2015-06-23,shock,Detention Conditions,https://example.com/article_283
283,Article 284 - ICE Operation,Source 287,2021-03-14,shock,Community Organizing,https://example.com/article_284
284,Article 285 - ICE Operation,Source 179,2024-11-23,surprise,Community Organizing,https://example.com/article_285
285,Article 286 - ICE Operation,Source 110,2015-07-27,anger,Legal Barriers,https://example.com/article_286
286,Article 287 - ICE Operation,Source 192,2017-04-07,fear,Legal Barriers,https://example.com/article_287
287,Article 288 - ICE Operation,Source 279,2019-12-14,anxious,Detention Conditions,https://example.com/article_288
288,Article 289 - ICE Operation,Source 87,2016-02-21,surprise,Community Organizing,https://example.com/article_289
289,Article 290 - ICE Operation,Source 154,2025-10-19,shock,Deportation Defense,https://example.com/article_290
290,Article 291 - ICE Operation,Source 25,2025-11-30,sadness,Community Organizing,https://example.com/article_291
291,Article 292 - ICE Operation,Source 226,2025-07-20,fear,Legal Barriers,https://example.com/article_292
292,Article 293 - ICE Operation,Source 254,2022-12-25,shock,Family Separation,https://example.com/article_293
293,Article 294 - ICE Operation,Source 260,2015-12-26,sadness,Community Organizing,https://example.com/article_294
294,Article 295 - ICE Operation,Source 117,2025-08-09,anxious,Detention Conditions,https://example.com/article_295
295,Article 296 - ICE Operation,Source 187,2015-04-12,anger,Legal Barriers,https://example.com/article_296
296,Article 297 - ICE Operation,Source 119,2020-12-11,anger,Detention Conditions,https://example.com/article_297
297,Article 298 - ICE Operation,Source 243,2025-06-08,fear,Deportation Defense,https://example.com/article_298
298,Article 299 - ICE Operation,Source 306,2019-12-18,surprise,Legal Barriers,https://example.com/article_299
299,Article 300 - ICE Operation,Source 26,2016-05-30,shock,Legal Barriers,https://example.com/article_300
300,Article 301 - ICE Operation,Source 177,2024-10-20,shock,Family Separation,https://example.com/article_301
301,Article 302 - ICE Operation,Source 126,2022-12-11,fear,Community Organizing,https://example.com/article_302
302,Article 303 - ICE Operation,Source 148,2022-02-21,anger,Legal Barriers,https://example.com/article_303
303,Article 304 - ICE Operation,Source 212,2018-11-30,anxious,Legal Barriers,https://example.com/article_304
304,Article 305 - ICE Operation,Source 202,2018-07-29,surprise,Deportation Defense,https://example.com/article_305
305,Article 306 - ICE Operation,Source 224,2024-04-30,shock,Deportation Defense,https://example.com/article_306
306,Article 307 - ICE Operation,Source 195,2018-05-14,shock,Community Organizing,https://example.com/article_307
307,Article 308 - ICE Operation,Source 145,2015-05-17,fear,Legal Barriers,https://example.com/article_308
308,Article 309 - ICE Operation,Source 172,2019-03-06,fear,Family Separation,https://example.com/article_309
309,Article 310 - ICE Operation,Source 296,2020-10-12,surprise,Detention Conditions,https://example.com/article_310
310,Article 311 - ICE Operation,Source 127,2022-02-03,disgust,Deportation Defense,https://example.com/article_311
311,Article 312 - ICE Operation,Source 201,2019-12-28,fear,Family Separation,https://example.com/article_312
312,Article 313 - ICE Operation,Source 164,2019-06-11,disgust,Deportation Defense,https://example.com/article_313
313,Article 314 - ICE Operation,Source 33,2024-08-14,sadness,Family Separation,https://example.com/article_314
314,Article 315 - ICE Operation,Source 128,2024-08-14,shock,Legal Barriers,https://example.com/article_315
315,Article 316 - ICE Operation,Source 126,2019-04-17,disgust,Detention Conditions,https://example.com/article_316
316,Article 317 - ICE Operation,Source 230,2024-12-06,sadness,Community Organizing,https://example.com/article_317
317,Article 318 - ICE Operation,Source 71,2021-10-01,shock,Detention Conditions,https://example.com/article_318
318,Article 319 - ICE Operation,Source 295,2021-11-05,sadness,Legal Barriers,https://example.com/article_319
319,Article 320 - ICE Operation,Source 11,2019-08-06,sadness,Family Separation,https://example.com/article_320
320,Article 321 - ICE Operation,Source 48,2016-03-25,sadness,Detention Conditions,https://example.com/article_321
321,Article 322 - ICE Operation,Source 116,2024-09-07,shock,Legal Barriers,https://example.com/article_322
322,Article 323 - ICE Operation,Source 248,2018-02-11,anger,Legal Barriers,https://example.com/article_323
323,Article 324 - ICE Operation,Source 215,2023-08-11,shock,Legal Barriers,https://example.com/article_324
324,Article 325 - ICE Operation,Source 31,2021-10-01,sadness,Detention Conditions,https://example.com/article_325
325,Article 326 - ICE Operation,Source 176,2025-01-01,anger,Deportation Defense,https://example.com/article_326
326,Article 327 - ICE Operation,Source 2,2021-02-25,anger,Family Separation,https://example.com/article_327
327,Article 328 - ICE Operation,Source 202,2020-01-16,surprise,Community Organizing,https://example.com/article_328
328,Article 329 - ICE Operation,Source 100,2023-12-14,surprise,Deportation Defense,https://example.com/article_329
329,Article 330 - ICE Operation,Source 183,2025-08-26,sadness,Community Organizing,https://example.com/article_330
330,Article 331 - ICE Operation,Source 265,2018-03-03,disgust,Deportation Defense,https://example.com/article_331
331,Article 332 - ICE Operation,Source 27,2019-09-22,surprise,Legal Barriers,https://example.com/article_332
332,Article 333 - ICE Operation,Source 38,2019-08-11,surprise,Community Organizing,https://example.com/article_333
333,Article 334 - ICE Operation,Source 128,2016-07-12,shock,Community Organizing,https://example.com/article_334
334,Article 335 - ICE Operation,Source 140,2024-07-20,sadness,Legal Barriers,https://example.com/article_335
335,Article 336 - ICE Operation,Source 194,2025-04-08,shock,Family Separation,https://example.com/article_336
336,Article 337 - ICE Operation,Source 309,2018-02-05,fear,Family Separation,https://example.com/article_337
337,Article 338 - ICE Operation,Source 260,2024-03-25,disgust,Detention Conditions,https://example.com/article_338
338,Article 339 - ICE Operation,Source 106,2020-02-11,shock,Family Separation,https://example.com/article_339
339,Article 340 - ICE Operation,Source 152,2022-03-28,fear,Detention Conditions,https://example.com/article_340
340,Article 341 - ICE Operation,Source 298,2016-02-26,sadness,Legal Barriers,https://example.com/article_341
341,Article 342 - ICE Operation,Source 287,2021-02-15,anxious,Legal Barriers,https://example.com/article_342
342,Article 343 - ICE Operation,Source 176,2015-08-01,fear,Family Separation,https://example.com/article_343
343,Article 344 - ICE Operation,Source 260,2017-04-25,shock,Detention Conditions,https://example.com/article_344
344,Article 345 - ICE Operation,Source 282,2019-02-17,anxious,Family Separation,https://example.com/article_345
345,Article 346 - ICE Operation,Source 213,2019-05-18,disgust,Deportation Defense,https://example.com/article_346
346,Article 347 - ICE Operation,Source 204,2016-03-30,anger,Legal Barriers,https://example.com/article_347
347,Article 348 - ICE Operation,Source 77,2020-06-25,sadness,Deportation Defense,https://example.com/article_348
348,Article 349 - ICE Operation,Source 84,2024-10-09,anger,Deportation Defense,https://example.com/article_349
349,Article 350 - ICE Operation,Source 297,2024-08-01,fear,Detention Conditions,https://example.com/article_350
350,Article 351 - ICE Operation,Source 167,2018-03-22,anger,Family Separation,https://example.com/article_351
351,Article 352 - ICE Operation,Source 230,2024-09-25,sadness,Legal Barriers,https://example.com/article_352
352,Article 353 - ICE Operation,Source 86,2018-01-09,sadness,Legal Barriers,https://example.com/article_353
353,Article 354 - ICE Operation,Source 113,2018-10-23,shock,Community Organizing,https://example.com/article_354
354,Article 355 - ICE Operation,Source 9,2015-02-13,disgust,Detention Conditions,https://example.com/article_355
355,Article 356 - ICE Operation,Source 193,2018-04-08,surprise,Community Organizing,https://example.com/article_356
356,Article 357 - ICE Operation,Source 139,2021-04-08,sadness,Detention Conditions,https://example.com/article_357
357,Article 358 - ICE Operation,Source 19,2024-04-03,disgust,Family Separation,https://example.com/article_358
358,Article 359 - ICE Operation,Source 301,2022-03-22,anger,Community Organizing,https://example.com/article_359
359,Article 360 - ICE Operation,Source 197,2025-06-06,disgust,Legal Barriers,https://example.com/article_360
360,Article 361 - ICE Operation,Source 250,2016-06-19,sadness,Detention Conditions,https://example.com/article_361
361,Article 362 - ICE Operation,Source 73,2018-02-16,anxious,Community Organizing,https://example.com/article_362
362,Article 363 - ICE Operation,Source 302,2015-12-04,shock,Legal Barriers,https://example.com/article_363
363,Article 364 - ICE Operation,Source 101,2019-01-01,sadness,Community Organizing,https://example.com/article_364
364,Article 365 - ICE Operation,Source 12,2015-10-08,anxious,Legal Barriers,https://example.com/article_365
365,Article 366 - ICE Operation,Source 288,2016-11-22,disgust,Community Organizing,https://example.com/article_366
366,Article 367 - ICE Operation,Source 306,2025-07-27,disgust,Deportation Defense,https://example.com/article_367
367,Article 368 - ICE Operation,Source 57,2022-02-02,anxious,Deportation Defense,https://example.com/article_368
368,Article 369 - ICE Operation,Source 203,2022-09-24,surprise,Detention Conditions,https://example.com/article_369
369,Article 370 - ICE Operation,Source 267,2024-09-29,disgust,Deportation Defense,https://example.com/article_370
370,Article 371 - ICE Operation,Source 1,2018-04-06,disgust,Family Separation,https://example.com/article_371
371,Article 372 - ICE Operation,Source 313,2017-08-09,surprise,Legal Barriers,https://example.com/article_372
372,Article 373 - ICE Operation,Source 132,2022-04-09,fear,Detention Conditions,https://example.com/article_373
373,Article 374 - ICE Operation,Source 129,2020-06-18,disgust,Legal Barriers,https://example.com/article_374
374,Article 375 - ICE Operation,Source 179,2016-01-14,shock,Detention Conditions,https://example.com/article_375
375,Article 376 - ICE Operation,Source 27,2021-12-13,disgust,Legal Barriers,https://example.com/article_376
376,Article 377 - ICE Operation,Source 241,2022-10-20,anxious,Legal Barriers,https://example.com/article_377
377,Article 378 - ICE Operation,Source 60,2015-11-04,sadness,Family Separation,https://example.com/article_378
378,Article 379 - ICE Operation,Source 231,2017-01-25,disgust,Legal Barriers,https://example.com/article_379
379,Article 380 - ICE Operation,Source 288,2025-01-18,fear,Deportation Defense,https://example.com/article_380
380,Article 381 - ICE Operation,Source 315,2023-09-05,disgust,Deportation Defense,https://example.com/article_381
381,Article 382 - ICE Operation,Source 96,2015-02-24,anxious,Detention Conditions,https://example.com/article_382
382,Article 383 - ICE Operation,Source 154,2023-12-08,anger,Family Separation,https://example.com/article_383
383,Article 384 - ICE Operation,Source 31,2025-07-31,sadness,Detention Conditions,https://example.com/article_384
384,Article 385 - ICE Operation,Source 36,2022-03-04,shock,Legal Barriers,https://example.com/article_385
385,Article 386 - ICE Operation,Source 117,2016-10-26,surprise,Deportation Defense,https://example.com/article_386
386,Article 387 - ICE Operation,Source 100,2015-10-30,surprise,Deportation Defense,https://example.com/article_387
387,Article 388 - ICE Operation,Source 287,2018-04-21,anxious,Deportation Defense,https://example.com/article_388
388,Article 389 - ICE Operation,Source 55,2016-11-11,anxious,Community Organizing,https://example.com/article_389
389,Article 390 - ICE Operation,Source 168,2020-10-25,anger,Community Organizing,https://example.com/article_390
390,Article 391 - ICE Operation,Source 220,2019-11-02,surprise,Family Separation,https://example.com/article_391
391,Article 392 - ICE Operation,Source 238,2025-01-20,anger,Legal Barriers,https://example.com/article_392
392,Article 393 - ICE Operation,Source 127,2022-01-25,anxious,Deportation Defense,https://example.com/article_393
393,Article 394 - ICE Operation,Source 233,2021-12-23,surprise,Deportation Defense,https://example.com/article_394
394,Article 395 - ICE Operation,Source 95,2020-05-27,sadness,Detention Conditions,https://example.com/article_395
395,Article 396 - ICE Operation,Source 190,2019-07-31,shock,Detention Conditions,https://example.com/article_396
396,Article 397 - ICE Operation,Source 29,2024-12-30,shock,Community Organizing,https://example.com/article_397
397,Article 398 - ICE Operation,Source 117,2015-12-02,sadness,Family Separation,https://example.com/article_398
398,Article 399 - ICE Operation,Source 29,2023-06-20,disgust,Detention Conditions,https://example.com/article_399
399,Article 400 - ICE Operation,Source 148,2022-02-28,anxious,Deportation Defense,https://example.com/article_400
400,Article 401 - ICE Operation,Source 162,2015-06-18,fear,Legal Barriers,https://example.com/article_401
401,Article 402 - ICE Operation,Source 166,2025-08-26,disgust,Community Organizing,https://example.com/article_402
402,Article 403 - ICE Operation,Source 150,2025-04-09,fear,Community Organizing,https://example.com/article_403
403,Article 404 - ICE Operation,Source 192,2020-10-10,fear,Legal Barriers,https://example.com/article_404
404,Article 405 - ICE Operation,Source 184,2020-05-07,surprise,Deportation Defense,https://example.com/article_405
405,Article 406 - ICE Operation,Source 235,2023-05-15,sadness,Community Organizing,https://example.com/article_406
406,Article 407 - ICE Operation,Source 181,2020-06-25,sadness,Family Separation,https://example.com/article_407
407,Article 408 - ICE Operation,Source 100,2018-10-03,surprise,Detention Conditions,https://example.com/article_408
408,Article 409 - ICE Operation,Source 219,2017-02-12,disgust,Family Separation,https://example.com/article_409
409,Article 410 - ICE Operation,Source 312,2017-12-03,disgust,Family Separation,https://example.com/article_410
410,Article 411 - ICE Operation,Source 61,2015-04-25,surprise,Legal Barriers,https://example.com/article_411
411,Article 412 - ICE Operation,Source 309,2016-04-11,anger,Family Separation,https://example.com/article_412
412,Article 413 - ICE Operation,Source 182,2019-05-05,disgust,Deportation Defense,https://example.com/article_413
413,Article 414 - ICE Operation,Source 250,2020-12-13,shock,Community Organizing,https://example.com/article_414
414,Article 415 - ICE Operation,Source 240,2020-07-29,surprise,Deportation Defense,https://example.com/article_415
415,Article 416 - ICE Operation,Source 11,2023-04-25,anxious,Deportation Defense,https://example.com/article_416
416,Article 417 - ICE Operation,Source 72,2019-10-22,shock,Community Organizing,https://example.com/article_417
417,Article 418 - ICE Operation,Source 11,2024-08-15,anxious,Detention Conditions,https://example.com/article_418
418,Article 419 - ICE Operation,Source 31,2021-12-27,anger,Legal Barriers,https://example.com/article_419
419,Article 420 - ICE Operation,Source 4,2018-02-26,sadness,Deportation Defense,https://example.com/article_420
420,Article 421 - ICE Operation,Source 99,2021-06-30,anxious,Deportation Defense,https://example.com/article_421
421,Article 422 - ICE Operation,Source 218,2021-08-08,shock,Detention Conditions,https://example.com/article_422
422,Article 423 - ICE Operation,Source 288,2016-06-23,shock,Legal Barriers,https://example.com/article_423
423,Article 424 - ICE Operation,Source 152,2019-01-18,sadness,Family Separation,https://example.com/article_424
424,Article 425 - ICE Operation,Source 195,2023-11-16,surprise,Legal Barriers,https://example.com/article_425
425,Article 426 - ICE Operation,Source 232,2021-06-19,anxious,Detention Conditions,https://example.com/article_426
426,Article 427 - ICE Operation,Source 320,2024-11-28,anxious,Community Organizing,https://example.com/article_427
427,Article 428 - ICE Operation,Source 35,2015-10-15,surprise,Legal Barriers,https://example.com/article_428
428,Article 429 - ICE Operation,Source 62,2024-10-15,fear,Deportation Defense,https://example.com/article_429
429,Article 430 - ICE Operation,Source 26,2021-09-24,shock,Legal Barriers,https://example.com/article_430
430,Article 431 - ICE Operation,Source 16,2021-02-16,disgust,Deportation Defense,https://example.com/article_431
431,Article 432 - ICE Operation,Source 193,2024-10-01,shock,Community Organizing,https://example.com/article_432
432,Article 433 - ICE Operation,Source 125,2021-06-14,anxious,Detention Conditions,https://example.com/article_433
433,Article 434 - ICE Operation,Source 316,2025-09-07,shock,Community Organizing,https://example.com/article_434
434,Article 435 - ICE Operation,Source 154,2022-03-25,surprise,Legal Barriers,https://example.com/article_435
435,Article 436 - ICE Operation,Source 79,2024-12-09,anger,Family Separation,https://example.com/article_436
436,Article 437 - ICE Operation,Source 231,2017-02-23,anger,Community Organizing,https://example.com/article_437
437,Article 438 - ICE Operation,Source 264,2024-01-28,anger,Family Separation,https://example.com/article_438
438,Article 439 - ICE Operation,Source 122,2015-11-04,disgust,Deportation Defense,https://example.com/article_439
439,Article 440 - ICE Operation,Source 116,2025-10-22,surprise,Deportation Defense,https://example.com/article_440
440,Article 441 - ICE Operation,Source 281,2024-12-22,shock,Family Separation,https://example.com/article_441
441,Article 442 - ICE Operation,Source 81,2021-05-22,surprise,Detention Conditions,https://example.com/article_442
442,Article 443 - ICE Operation,Source 291,2024-03-29,sadness,Community Organizing,https://example.com/article_443
443,Article 444 - ICE Operation,Source 51,2022-05-12,anger,Deportation Defense,https://example.com/article_444
444,Article 445 - ICE Operation,Source 293,2015-01-30,surprise,Family Separation,https://example.com/article_445
445,Article 446 - ICE Operation,Source 237,2023-09-10,anxious,Family Separation,https://example.com/article_446
446,Article 447 - ICE Operation,Source 30,2021-10-06,surprise,Detention Conditions,https://example.com/article_447
447,Article 448 - ICE Operation,Source 58,2020-06-13,surprise,Family Separation,https://example.com/article_448
448,Article 449 - ICE Operation,Source 103,2024-09-26,anger,Community Organizing,https://example.com/article_449
449,Article 450 - ICE Operation,Source 57,2022-11-20,anxious,Community Organizing,https://example.com/article_450
450,Article 451 - ICE Operation,Source 292,2025-06-17,anger,Community Organizing,https://example.com/article_451
451,Article 452 - ICE Operation,Source 57,2018-06-17,disgust,Detention Conditions,https://example.com/article_452
452,Article 453 - ICE Operation,Source 194,2025-12-14,surprise,Community Organizing,https://example.com/article_453
453,Article 454 - ICE Operation,Source 216,2023-07-31,fear,Family Separation,https://example.com/article_454
454,Article 455 - ICE Operation,Source 290,2018-03-25,sadness,Family Separation,https://example.com/article_455
455,Article 456 - ICE Operation,Source 201,2020-08-16,shock,Family Separation,https://example.com/article_456
456,Article 457 - ICE Operation,Source 272,2020-06-14,disgust,Detention Conditions,https://example.com/article_457
457,Article 458 - ICE Operation,Source 97,2018-08-28,anger,Community Organizing,https://example.com/article_458
458,Article 459 - ICE Operation,Source 308,2025-12-06,sadness,Legal Barriers,https://example.com/article_459
459,Article 460 - ICE Operation,Source 42,2022-04-04,disgust,Community Organizing,https://example.com/article_460
460,Article 461 - ICE Operation,Source 174,2018-06-22,disgust,Detention Conditions,https://example.com/article_461
461,Article 462 - ICE Operation,Source 55,2021-06-12,shock,Legal Barriers,https://example.com/article_462
462,Article 463 - ICE Operation,Source 314,2017-09-22,anxious,Community Organizing,https://example.com/article_463
463,Article 464 - ICE Operation,Source 248,2018-02-10,anxious,Community Organizing,https://example.com/article_464
464,Article 465 - ICE Operation,Source 56,2017-11-28,sadness,Community Organizing,https://example.com/article_465
465,Article 466 - ICE Operation,Source 283,2015-12-17,anger,Family Separation,https://example.com/article_466
466,Article 467 - ICE Operation,Source 180,2025-01-28,shock,Deportation Defense,https://example.com/article_467
467,Article 468 - ICE Operation,Source 87,2018-11-22,fear,Community Organizing,https://example.com/article_468
468,Article 469 - ICE Operation,Source 67,2025-12-13,fear,Deportation Defense,https://example.com/article_469
469,Article 470 - ICE Operation,Source 278,2024-07-11,anger,Deportation Defense,https://example.com/article_470
470,Article 471 - ICE Operation,Source 249,2024-01-31,anger,Legal Barriers,https://example.com/article_471
471,Article 472 - ICE Operation,Source 52,2021-08-09,anger,Deportation Defense,https://example.com/article_472
472,Article 473 - ICE Operation,Source 149,2016-09-23,anger,Family Separation,https://example.com/article_473
473,Article 474 - ICE Operation,Source 140,2023-12-17,anger,Detention Conditions,https://example.com/article_474
474,Article 475 - ICE Operation,Source 264,2021-07-27,sadness,Detention Conditions,https://example.com/article_475
475,Article 476 - ICE Operation,Source 252,2016-05-06,anxious,Family Separation,https://example.com/article_476
476,Article 477 - ICE Operation,Source 163,2022-06-21,anger,Legal Barriers,https://example.com/article_477
477,Article 478 - ICE Operation,Source 90,2020-01-29,disgust,Deportation Defense,https://example.com/article_478
478,Article 479 - ICE Operation,Source 116,2024-02-29,anxious,Legal Barriers,https://example.com/article_479
479,Article 480 - ICE Operation,Source 12,2018-03-20,anger,Detention Conditions,https://example.com/article_480
480,Article 481 - ICE Operation,Source 89,2018-04-29,disgust,Detention Conditions,https://example.com/article_481
481,Article 482 - ICE Operation,Source 299,2018-11-29,shock,Deportation Defense,https://example.com/article_482
482,Article 483 - ICE Operation,Source 145,2025-02-08,surprise,Detention Conditions,https://example.com/article_483
483,Article 484 - ICE Operation,Source 17,2019-04-03,shock,Community Organizing,https://example.com/article_484
484,Article 485 - ICE Operation,Source 240,2015-01-18,disgust,Family Separation,https://example.com/article_485
485,Article 486 - ICE Operation,Source 145,2023-02-03,fear,Deportation Defense,https://example.com/article_486
486,Article 487 - ICE Operation,Source 251,2016-10-12,surprise,Legal Barriers,https://example.com/article_487
487,Article 488 - ICE Operation,Source 277,2025-02-27,shock,Family Separation,https://example.com/article_488
488,Article 489 - ICE Operation,Source 152,2020-05-16,disgust,Legal Barriers,https://example.com/article_489
489,Article 490 - ICE Operation,Source 129,2019-03-16,surprise,Detention Conditions,https://example.com/article_490
490,Article 491 - ICE Operation,Source 160,2020-03-29,disgust,Family Separation,https://example.com/article_491
491,Article 492 - ICE Operation,Source 265,2021-05-19,anger,Family Separation,https://example.com/article_492
492,Article 493 - ICE Operation,Source 176,2015-04-19,anxious,Deportation Defense,https://example.com/article_493
493,Article 494 - ICE Operation,Source 286,2015-07-21,anger,Community Organizing,https://example.com/article_494
494,Article 495 - ICE Operation,Source 209,2015-08-02,surprise,Detention Conditions,https://example.com/article_495
495,Article 496 - ICE Operation,Source 170,2025-02-03,fear,Deportation Defense,https://example.com/article_496
496,Article 497 - ICE Operation,Source 164,2025-05-07,fear,Community Organizing,https://example.com/article_497
497,Article 498 - ICE Operation,Source 259,2019-03-15,fear,Community Organizing,https://example.com/article_498
498,Article 499 - ICE Operation,Source 52,2020-05-12,sadness,Family Separation,https://example.com/article_499
499,Article 500 - ICE Operation,Source 202,2025-02-22,anxious,Legal Barriers,https://example.com/article_500
500,Article 501 - ICE Operation,Source 155,2015-08-01,anger,Community Organizing,https://example.com/article_501
501,Article 502 - ICE Operation,Source 300,2018-11-19,anxious,Family Separation,https://example.com/article_502
502,Article 503 - ICE Operation,Source 156,2017-07-30,shock,Community Organizing,https://example.com/article_503
503,Article 504 - ICE Operation,Source 157,2023-04-11,surprise,Family Separation,https://example.com/article_504
504,Article 505 - ICE Operation,Source 249,2024-09-28,anger,Deportation Defense,https://example.com/article_505
505,Article 506 - ICE Operation,Source 310,2016-07-20,surprise,Deportation Defense,https://example.com/article_506
506,Article 507 - ICE Operation,Source 37,2024-12-28,sadness,Legal Barriers,https://example.com/article_507
507,Article 508 - ICE Operation,Source 19,2017-11-18,surprise,Legal Barriers,https://example.com/article_508
508,Article 509 - ICE Operation,Source 127,2015-08-21,shock,Family Separation,https://example.com/article_509
509,Article 510 - ICE Operation,Source 159,2017-06-20,surprise,Community Organizing,https://example.com/article_510
510,Article 511 - ICE Operation,Source 124,2019-02-22,disgust,Legal Barriers,https://example.com/article_511
511,Article 512 - ICE Operation,Source 96,2017-09-10,anger,Community Organizing,https://example.com/article_512
512,Article 513 - ICE Operation,Source 246,2022-10-16,disgust,Community Organizing,https://example.com/article_513
513,Article 514 - ICE Operation,Source 296,2023-06-16,anxious,Legal Barriers,https://example.com/article_514
514,Article 515 - ICE Operation,Source 312,2025-12-16,surprise,Deportation Defense,https://example.com/article_515
515,Article 516 - ICE Operation,Source 105,2025-09-16,anger,Community Organizing,https://example.com/article_516
516,Article 517 - ICE Operation,Source 220,2019-10-12,anger,Detention Conditions,https://example.com/article_517
517,Article 518 - ICE Operation,Source 74,2021-01-19,anger,Detention Conditions,https://example.com/article_518
518,Article 519 - ICE Operation,Source 51,2015-01-17,surprise,Community Organizing,https://example.com/article_519
519,Article 520 - ICE Operation,Source 201,2020-06-30,surprise,Community Organizing,https://example.com/article_520
